"15","Clint Lawrence"
"4","blalor"
"20","Jason S"
"106","jeremy"
"307","AngryEE"
"3","bpijls"
"22","terrace"
"31","endolith"
"40","bt2"
"50","davr"
"2","NeedTungsten"
"61","ArduinoFun"
"150","Sushrut J Mair"
"272","Justblair"
"273","JScott"
"274","Eryk Sun"
"275","CWMan"
"282","Fiat Lux"
"284","Ishank"
"286","efox29"
"287","Arun M"
"288","FlaSh"
"291","fizzy drink"
"297","Gianna Moers"
"80","Adam Davis"
"27","Lou"
"389","mjcarroll"
"1350","Tomas D."
"3655","Tinkerer"
"85","Radian"
"88","bandybabboon"
"124","Martin Thompson"
"4077","ratchet freak"
"69","Kortuk"
"83","jluciani"
"206","Nick T"
"86","Mr. Hedgehog"
"16","todbot"
"58","Chris Gammell"
"92","mikeselectricstuff"
"367","Vintage"
"101","starblue"
"6","Amos"
"123","Jay Atkinson"
"140","Nick Bolton"
"136","DerStrom8"
"148","russ_hensel"
"156","pingswept"
"157","W5VO"
"29","Jim"
"185","akohlsmith"
"264","Mark"
"395","dren.dk"
"557","Joel B"
"180","jsolarski"
"217","Robert Deml"
"402","Jim C"
"549","Christopher Biggs"
"1308","spearson"
"181","zebonaut"
"184","vicatcu"
"190","Jon L"
"199","phooky"
"243","sybreon"
"116","J. Polfer"
"141","Rocketmagnet"
"249","Dave"
"73","JustJeff"
"755","kenny"
"417","AndrejaKo"
"248","JonnyBoats"
"335","Toybuilder"
"416","BG100"
"538","motoprogger"
"801","dext0rb"
"2276","Garrett Fogerlie"
"432","Anindo Ghosh"
"87","JYelton"
"279","Curd"
"292","Alex Shroyer"
"295","Old_Fossil"
"5953","Matt"
"3596","Peter R. McMahon"
"1791","Sclrx"
"1812","Bob Jacobsen"
"4275","Elmesito"
"9807","Electron"
"369","Chris Stratton"
"300","Trevor_G"
"1770","Whit3rd"
"4365","DrMoishe Pippik"
"1765","Chu"
"348","Ken Shirriff"
"382","Lior Bilia"
"396","Linker3000"
"42","Kevin Vermeer"
"68","Toby Jaffey"
"204","Kellenjb"
"203","Thomas O"
"556","m.Alin"
"398","Tim Williscroft"
"915","NickHalden"
"1271","Theran"
"1431","Kris Bahnsen"
"91","lyndon"
"414","Ayhan"
"415","semaj"
"418","darron"
"423","crasic"
"433","mctylr"
"443","Taniwha"
"831","geometrikal"
"949","Vasiliy"
"1498","Funkyguy"
"2190","B Pete"
"1011","Eric"
"1050","kkrambo"
"3410","GB - AE7OO"
"3473","Randy"
"247","Phil Frost"
"356","user34920"
"1523","brhans"
"2635","slebetman"
"161","Kaz"
"932","Alfred Centauri"
"1015","EM Fields"
"1758","AngeloQ"
"6269","MatsK"
"6824","Greg d'Eon"
"194","joeforker"
"413","Chris Laplante"
"499","Matt Young"
"501","John D"
"512","Scott Seidman"
"531","Roman Starkov"
"622","posipiet"
"632","CrossRoads"
"698","Dean"
"721","AndreKR"
"347","Connor Wolf"
"762","Joe"
"797","Turbo J"
"843","angelatlarge"
"884","mng"
"886","hotpaw2"
"972","EasyOhm"
"649","EinarA"
"79","Leon Heller"
"811","Jim Paris"
"980","Warren Young"
"1059","Zuofu"
"1335","Christoph B"
"924","stanri"
"956","Tut"
"3401","Spoon"
"1083","sherrellbc"
"2250","metacollin"
"1138","user1908704"
"530","RedGrittyBrick"
"2628","Grabul"
"508","George Herold"
"988","alex.forencich"
"911","David Schwartz"
"979","Erik Friesen"
"1617","Houston Fortney"
"4354","TemeV"
"1757","Misunderstood"
"993","Pete Kirkham"
"6172","Mark"
"93","Wouter van Ooijen"
"221","Majenko"
"2633","PlasmaHH"
"4648","SDsolar"
"360","placeholder"
"1705","followed Monica to Codidact"
"1106","dannyf"
"1749","dim"
"973","Ignacio Vazquez-Abrams"
"4122","JRaef"
"1891","SamGibson"
"1915","Reroute"
"1016","Warren Hill"
"1022","bigjosh"
"1046","DoxyLover"
"1077","Filek"
"1093","William Brodie-Tyrrell"
"1124","Mike"
"1135","vir"
"1140","qrk"
"1156","Dmitry Grigoryev"
"1162","GNA"
"1164","rackandboneman"
"1177","uhoh"
"1187","J..."
"1191","Leoman12"
"548","Kuba hasn't forgotten Monica"
"341","Transistor"
"1433","比尔盖子"
"1945","Simon Fitch"
"3142","feynman"
"490","Andy aka"
"1204","manassehkatz-Moving 2 Codidact"
"1211","Sandro"
"1220","kruemi"
"1469","Polynomial"
"2676","Roland"
"3503","Chester Gillon"
"4346","MOSFET"
"4389","schnedan"
"4534","Matt Timmermans"
"5447","Tanner Swett"
"5452","Michal Podmanický"
"5955","Pete W"
"5967","periblepsis"
"89","Voltage Spike"
"155","Spehro Pefhany"
"1094","Ralph"
"1940","jay"
"1964","user263983"
"5430","Jens"
"1058","Neil_UK"
"1125","Justme"
"1137","DKNguyen"
"1160","bobflux"
"1194","ocrdu"
"1199","Miss Mulan"
"4363","Designalog"
"5313","Peter Jennings"
"6246","Sredni Vashtar"
"9024","V.V.T"
"9055","ErikR"
"6806","greybeard"
"1361","AnalogKid"
"378","Circuit fantasist"
"391","Tony Stewart EE75"
"439","hacktastical"
"1133","Jasen  Слава Україні"
"1168","Antonio51"
"1948","Klas-Kenny"
"5470","Graham Nye"
"1172","Marcus Müller"
"1203","Chris H"
"1107","gilhad"
"65","Brian Carlton"
"122","markrages"
"228","Jeanne Pindar"
"913","s3c"
"1238","Harry Weston"
"1329","Mike DeSimone"
"1340","Standard Sandun"
"1345","hli"
"1525","user207421"
"2256","Szymon Bęczkowski"
"2522","Fix It Until It's Broken"
"1503","Vovanium"
"2406","Ricardo"
"2651","Ralph Bolton"
"1634","vini_i"
"97","davidcary"
"246","old_timer"
"1317","Bryan Boettcher"
"3254","diverger"
"308","Adam Lawrence"
"955","Kurt E. Clothier"
"1497","TDHofstetter"
"1514","Matt L."
"4450","Dean"
"5742","Mishyoshi"
"1706","Cornelius"
"2497","squarewav"
"1416","scld"
"493","Nick Alexeev"
"2194","Barleyman"
"18","supercat"
"899","Kripacharys"
"1421","compumike"
"9137","Ste Kulov"
"1443","Rolf Ostergaard"
"1462","Lundin"
"1468","horta"
"1486","LvW"
"1492","Floris"
"1085","kjgregory"
"1494","Jarrod Christman"
"1512","gbulmer"
"1516","Guill"
"1517","Sanjeev Kumar"
"1539","Jerry Coffin"
"9","stevenvh"
"340","m salim"
"1542","John Honniball"
"2480","BobT"
"3294","Alex Cannon"
"381","RJR"
"1571","Oleg Mazurov"
"1707","Bradman175"
"5389","Gunther Schadow"
"1587","MarkU"
"1718","whatsisname"
"1771","filo"
"2702","b degnan"
"1613","User323693"
"3918","gommer"
"2362","nsayer"
"6526","abligh"
"4478","Peter Cordes"
"7230","StessenJ"
"1198","RoyC"
"1687","John Birckhead"
"1844","Edgar Brown"
"1568","Audioguru"
"152","John U"
"1290","shuckc"
"1321","Bruno Ferreira"
"1934","Aaron"
"118","jippie"
"1375","Nazar"
"1572","Ambiorix"
"1616","cowboydan"
"218","wbeaty"
"4098","Douwe66"
"4100","sbell"
"2985","Mister Mystère"
"5191","user2943160"
"7298","user49628"
"1703","pipe"
"1081","Vladimir Cravero"
"1644","Eugene Sh."
"5017","nidhin"
"636","Richard Crowley"
"927","JIm Dearden"
"1717","Big6"
"4113","Cort Ammon"
"1755","CL."
"1786","copper.hat"
"4497","Evan"
"5799","Mast"
"5908","Norm"
"1118","Pete Becker"
"1569","Nedd"
"1598","theamk"
"1760","M.Ferru"
"2812","vofa"
"1829","Stefan Wyss"
"1839","Chris Knudsen"
"1893","Jakob Halskov"
"6191","Oskar Skog"
"652","gbarry"
"1179","Jack Creasey"
"474","Adam Haun"
"502","Peter Smith"
"1831","Michel Keijzers"
"1173","τεκ"
"1817","BeB00"
"1158","Henry Crun"
"1299","Tom Carpenter"
"1301","LorenzoDonati4Ukraine-OnStrike"
"1117","po.pe"
"1606","MathieuL"
"1609","CharlieHanson"
"1625","Asmyldof"
"1650","Colin"
"1659","Vicente Cunha"
"1697","Ben Voigt"
"1701","Entrepreneur"
"1123","StainlessSteelRat"
"1013","Finbarr"
"1723","Jack B"
"1730","12Lappie"
"1474","user"
"1699","Anthony X"
"3930","Dorian"
"1825","Cristobol Polychronopolis"
"1830","Bort"
"1734","Bimpelrekkie"
"4114","crj11"
"318","Olin Lathrop"
"1747","DavidG25"
"1752","Kevin White"
"1796","MCG"
"26","tcrosley"
"47","Nikolaus Gradwohl"
"276","udushu"
"277","Dr. Watson"
"278","Vince Mulhollon"
"280","Oli Glaser"
"281","nvade"
"283","Kd_R"
"285","Brandon Bailey"
"289","ellekaie"
"290","felixphew"
"293","Laki"
"294","Armannas"
"296","Sergei Gorbikov"
"505","FiddyOhm"
"5913","C_Elegans"
"5952","edmz"
"1798","0___________"
"1302","Oldfart"
"5270","kackle123"
"5345","EE_socal"
"4161","Fredled"
"1799","dirac16"
"541","Autistic"
"1109","Janka"
"3921","Joren Vaes"
"1303","Mitu Raj"
"1827","K H"
"1832","Jules"
"1836","robert bristow-johnson"
"2817","Jakey"
"1852","Uwe"
"1599","tomnexus"
"1856","jusaca"
"1860","devnull"
"5285","Heath Raftery"
"4039","Phil Freedenberg"
"1862","joribama"
"1766","Verbal Kint"
"1874","jaskij"
"1854","Jeroen3"
"1878","Dirk Bruere"
"1892","Dan Mills"
"1904","VillageTech"
"1908","David Molony"
"1925","Gil"
"1935","tim"
"1939","Kartman"
"1795","frr"
"1941","Tirdad Sadri Nejad"
"1943","arnisz"
"1944","Daniel Melendrez"
"1950","Supa Nova"
"1957","PStechPaul"
"1962","Christian B."
"813","Michael Karas"
"1184","Ocanath"
"1853","Sascha"
"1793","Damien"
"1205","jonathanjo"
"1963","DrSheldon"
"1968","MiNiMe"
"1972","Jonathan S."
"1974","Franc"
"1912","Mattman944"
"224","Russell McMahon"
"1145","D Duck"
"1000","The Photon"
"788","Amit M"
"5460","Fabio Barone"
"1988","h22"
"486","Dave Tweed"
"1959","Matt S"
"1966","Mark Leavitt"
"6408","Sim Son"
"1126","Kyle B"
"1913","sarthak"
"1924","td127"
"5344","linuxfan says Reinstate Monica"
"6797","ElectronicsStudent"
"9156","sai"
"1967","Math Keeps Me Busy"
"4398","the busybee"
"1119","user57037"
"1139","TimWescott"
"1673","tobalt"
"1729","Rohat Kılıç"
"1193","SteveSh"
"3496","Davide Andrea"
"5390","Ilya"
"9871","Bravale"
"10155","jcaron"
"1190","Elliot Alderson"
"1210","Tim Williams"
"966","Peter Bennett"
"1120","Simon B"
"1129","JRE"
"1181","Bruce Abbott"
"1163","Harper - Reinstate Monica"
"1195","glen_geek"
"1130","GodJihyo"
"1214","vu2nan"
"2520","ghellquist"
"2030","C. Dunn"
"1132","jpa"
"2130","abdullah kahraman"
"1208","user107063"
"3052","Syed"
"4396","jayben"
"5331","Yet Another Michael"
"5962","Hilmar"
"506","TonyM"
"1082","WhatRoughBeast"
"1127","andrea"
"6324","Velvet"
"6540","DamienD"
"9120","csabahu"
"1200","KD9PDP"
"10089","Carl"
"1110","Marko Buršič"
"2188","Edin Fifić"
"2267","pat"
"2641","Dave"
"1170","Maple"
"1788","Daniel Bogdanoff - Keysight"
"4351","G-aura-V"
"5938","scorpdaddy"
"584","user125718"
"1201","richard1941"
"353","Dwayne Reid"
"2643","Antonio"
"5309","Synchrondyne"
"9087","VictorTito"
"1809","Drew"
"3486","winny"
"1748","Fred Cailloux"
"5074","HarryH"
"5281","user2233709"
"535","david"
"1444","user28910"
"6293","Meenie Leis"
"1212","evildemonic"
"1806","Harry Svensson"
"1918","Solomon Slow"
"2697","Lewis Kelsey"
"2701","Pål-Kristian Engstad"
"1136","Hearth"
"2619","Graham Stevenson"
"2875","asdf30"
"1965","Julien"
"5931","Daniele Tampieri"
"1919","citizen"
"5303","Puffafish"
"1167","datenheim"
"1835","user69795"
"1954","Bryan"
"1969","Christianidis Vasilis"
"5423","SystemTheory"
"5433","Tesla23"
"5465","Criggie"
"8886","Horror Vacui"
"9035","tlfong01"
"9136","LordTeddy"
"1777","Reinderien"
"1207","RussellH"
"1128","user1850479"
"1763","user131342"
"1914","vtolentino"
"4392","mhaselup"
"5228","M lab"
"4387","fraxinus"
"1721","jonk"
"3030","David Mikeska"
"3067","Troutdog"
"3184","EJE"
"3343","Jay Carlson"
"3362","next-hack"
"3386","carveone"
"3441","paul"
"3447","Enemy Of the State Machine"
"1377","gwideman"
"3458","EEd"
"3466","venny"
"3470","leftaroundabout"
"3482","Martin Rosenau"
"3502","Solar Mike"
"3555","Austin"
"3783","Alex"
"784","pjc50"
"5376","diegogmx"
"3919","Chromatix"
"1696","le_top"
"3923","NStorm"
"2637","nanofarad"
"3929","Unimportant"
"3952","MicroservicesOnDDD"
"1202","jwh20"
"1955","user253751"
"3979","Arcatus"
"2649","Lorenzo Marcantonio"
"1956","John Doty"
"509","user4574"
"1131","GT Electronics"
"3986","hekete"
"678","danmcb"
"4052","mr_js"
"4084","Level River St"
"4168","Bort"
"393","Ale..chenski"
"4357","spuck"
"4364","Hoagie"
"4376","Loren Pechtel"
"4380","ilkhd"
"4391","Mark Morgan Lloyd"
"4422","Ian Bland"
"4481","Andreas"
"4501","ilkkachu"
"4507","juhist"
"4516","Ron Beyer"
"3498","Michael"
"4537","Shashank V M"
"4700","fgrieu"
"4717","Roger C."
"5064","nekomatic"
"5116","HKOB"
"5183","Christian"
"5240","Raj"
"5252","Todor Simeonov"
"5310","G36"
"1903","Jan Eerland"
"5315","ajb"
"5373","rpm2718"
"5404","Saadat"
"1896","bta"
"5406","ScienceGeyser"
"599","Passerby"
"5410","mmmm"
"5459","Andrew Morton"
"3955","Brendan Simpson"
"5472","Michael Karcher"
"5481","ACD"
"830","Some Hardware Guy"
"1861","pericynthion"
"5873","Tom Anderson"
"5885","alejnavab"
"922","Barry"
"5945","FrancoVS"
"6174","Paul Elliott"
"6265","paki eng"
"4709","Hot Licks"
"1819","Graham"
"6275","Agent_L"
"6290","Sven B"
"6309","Mr. Snrub"
"6409","mike65535"
"6465","mapplejacks"
"6981","Guy Inchbald"
"7177","awjlogan"
"7208","jsotola"
"7220","Glenn Willen"
"7274","Indraneel"
"8272","polwel"
"8374","65Roadster"
"8544","jramsay42"
"7432","dave_59"
"8954","jDAQ"
"8964","relayman357"
"1216","JBH"
"5961","Paul Ghobril"
"3932","HandyHowie"
"331","analogsystemsrf"
"8992","P2000"
"1218","Frog"
"3813","jp314"
"9015","AJN"
"5412","a concerned citizen"
"1933","Enrico Migliore"
"235","Peter Green"
"9069","Theodore"
"9100","Lars Hankeln"
"9112","Juan"
"9133","MikroPower"
"9163","PDP11"
"9726","AlmostDone"
"1473","Simon Richter"
"9977","Sadat Rafi"
"10124","stretch"
"11490","bunker89320"
"1661","rdtsc"
"11580","Ryan"
"12085","Jerzy Przezdziecki"